feature,importance
Age,0.48014753370547963
NumOfProducts,0.3158145368287436
IsActiveMember,0.09994648566481094
Balance,0.029410506395209795
Gender_indexed,0.00844992836160107
CreditScore,0.007487982613957297
EstimatedSalary,0.005604670704337485
Geography_ohe,0.005262488533571398
Tenure,0.002978284830623679
HasCrCard,6.152240382419438e-05
